onset	duration	trial_type	value	sample
4.5312483420992455	n/a	NonTarget	1	1160
4.656248296364053	n/a	NonTarget	1	1192
4.78124825062886	n/a	NonTarget	1	1224
4.906248204893666	n/a	NonTarget	1	1256
5.031248159158473	n/a	NonTarget	1	1288
5.156248113423279	n/a	NonTarget	1	1320
5.281248067688087	n/a	NonTarget	1	1352
5.4062480219528934	n/a	NonTarget	1	1384
5.5312479762177	n/a	Target	2	1416
5.656247930482507	n/a	NonTarget	1	1448
5.781247884747313	n/a	NonTarget	1	1480
5.906247839012121	n/a	NonTarget	1	1512
6.031247793276927	n/a	NonTarget	1	1544
6.156247747541734	n/a	NonTarget	1	1576
6.2812477018065405	n/a	Target	2	1608
6.406247656071348	n/a	NonTarget	1	1640
6.5312476103361545	n/a	NonTarget	1	1672
6.656247564600961	n/a	NonTarget	1	1704
6.781247518865768	n/a	NonTarget	1	1736
6.906247473130574	n/a	NonTarget	1	1768
7.031247427395382	n/a	NonTarget	1	1800
7.156247381660188	n/a	NonTarget	1	1832
7.281247335924995	n/a	Target	2	1864
7.4062472901898015	n/a	NonTarget	1	1896
7.531247244454608	n/a	NonTarget	1	1928
7.656247198719416	n/a	NonTarget	1	1960
7.781247152984222	n/a	NonTarget	1	1992
7.906247107249029	n/a	NonTarget	1	2024
8.031247061513836	n/a	NonTarget	1	2056
8.156247015778643	n/a	NonTarget	1	2088
8.28124697004345	n/a	NonTarget	1	2120
8.406246924308256	n/a	Target	2	2152
8.531246878573063	n/a	NonTarget	1	2184
8.65624683283787	n/a	NonTarget	1	2216
8.781246787102676	n/a	NonTarget	1	2248
8.906246741367482	n/a	Target	2	2280
9.03124669563229	n/a	NonTarget	1	2312
9.156246649897097	n/a	NonTarget	1	2344
9.281246604161904	n/a	NonTarget	1	2376
9.40624655842671	n/a	NonTarget	1	2408
9.531246512691517	n/a	NonTarget	1	2440
9.656246466956324	n/a	NonTarget	1	2472
9.78124642122113	n/a	NonTarget	1	2504
9.906246375485937	n/a	NonTarget	1	2536
10.031246329750743	n/a	NonTarget	1	2568
10.156246284015552	n/a	NonTarget	1	2600
10.281246238280358	n/a	Target	2	2632
10.406246192545165	n/a	NonTarget	1	2664
10.531246146809972	n/a	NonTarget	1	2696
10.656246101074778	n/a	NonTarget	1	2728
10.781246055339585	n/a	NonTarget	1	2760
10.906246009604391	n/a	Target	2	2792
11.031245963869198	n/a	NonTarget	1	2824
11.156245918134005	n/a	NonTarget	1	2856
11.281245872398811	n/a	NonTarget	1	2888
11.40624582666362	n/a	NonTarget	1	2920
11.531245780928426	n/a	Target	2	2952
11.656245735193233	n/a	NonTarget	1	2984
11.78124568945804	n/a	NonTarget	1	3016
11.906245643722846	n/a	NonTarget	1	3048
12.031245597987652	n/a	NonTarget	1	3080
12.156245552252459	n/a	NonTarget	1	3112
12.281245506517266	n/a	NonTarget	1	3144
12.406245460782072	n/a	NonTarget	1	3176
12.53124541504688	n/a	NonTarget	1	3208
12.656245369311687	n/a	NonTarget	1	3240
12.781245323576494	n/a	NonTarget	1	3272
12.9062452778413	n/a	NonTarget	1	3304
13.031245232106107	n/a	NonTarget	1	3336
13.156245186370914	n/a	NonTarget	1	3368
13.28124514063572	n/a	NonTarget	1	3400
13.406245094900527	n/a	Target	2	3432
13.531245049165333	n/a	NonTarget	1	3464
13.656245003430142	n/a	NonTarget	1	3496
13.781244957694948	n/a	NonTarget	1	3528
13.906244911959755	n/a	NonTarget	1	3560
14.031244866224561	n/a	Target	2	3592
14.156244820489368	n/a	NonTarget	1	3624
14.281244774754175	n/a	NonTarget	1	3656
14.406244729018981	n/a	NonTarget	1	3688
14.531244683283788	n/a	NonTarget	1	3720
14.656244637548594	n/a	NonTarget	1	3752
14.781244591813401	n/a	NonTarget	1	3784
14.90624454607821	n/a	NonTarget	1	3816
15.031244500343016	n/a	NonTarget	1	3848
15.156244454607823	n/a	NonTarget	1	3880
15.28124440887263	n/a	NonTarget	1	3912
15.406244363137436	n/a	NonTarget	1	3944
15.531244317402242	n/a	Target	2	3976
15.656244271667049	n/a	NonTarget	1	4008
15.781244225931855	n/a	Target	2	4040
15.906244180196662	n/a	NonTarget	1	4072
16.03124413446147	n/a	NonTarget	1	4104
16.156244088726275	n/a	NonTarget	1	4136
16.281244042991084	n/a	NonTarget	1	4168
16.40624399725589	n/a	NonTarget	1	4200
16.531243951520697	n/a	NonTarget	1	4232
16.656243905785505	n/a	NonTarget	1	4264
16.78124386005031	n/a	NonTarget	1	4296
16.90624381431512	n/a	NonTarget	1	4328
17.031243768579923	n/a	NonTarget	1	4360
17.15624372284473	n/a	NonTarget	1	4392
17.281243677109536	n/a	NonTarget	1	4424
17.406243631374345	n/a	NonTarget	1	4456
17.53124358563915	n/a	NonTarget	1	4488
17.656243539903958	n/a	NonTarget	1	4520
17.781243494168766	n/a	NonTarget	1	4552
17.90624344843357	n/a	NonTarget	1	4584
18.03124340269838	n/a	NonTarget	1	4616
18.156243356963184	n/a	NonTarget	1	4648
18.281243311227993	n/a	NonTarget	1	4680
18.406243265492797	n/a	NonTarget	1	4712
18.531243219757606	n/a	NonTarget	1	4744
18.65624317402241	n/a	NonTarget	1	4776
18.78124312828722	n/a	Target	2	4808
18.906243082552027	n/a	NonTarget	1	4840
19.031243036816832	n/a	Target	2	4872
19.15624299108164	n/a	NonTarget	1	4904
19.281242945346445	n/a	NonTarget	1	4936
22.90624161902584	n/a	NonTarget	1	5864
23.03124157329065	n/a	Target	2	5896
23.156241527555455	n/a	NonTarget	1	5928
23.281241481820263	n/a	NonTarget	1	5960
23.406241436085068	n/a	NonTarget	1	5992
23.531241390349876	n/a	Target	2	6024
23.656241344614685	n/a	NonTarget	1	6056
23.78124129887949	n/a	NonTarget	1	6088
23.906241253144298	n/a	NonTarget	1	6120
24.031241207409103	n/a	NonTarget	1	6152
24.15624116167391	n/a	NonTarget	1	6184
24.281241115938716	n/a	NonTarget	1	6216
24.406241070203524	n/a	NonTarget	1	6248
24.53124102446833	n/a	NonTarget	1	6280
24.656240978733138	n/a	NonTarget	1	6312
24.781240932997946	n/a	NonTarget	1	6344
24.90624088726275	n/a	NonTarget	1	6376
25.03124084152756	n/a	NonTarget	1	6408
25.156240795792364	n/a	NonTarget	1	6440
25.281240750057172	n/a	NonTarget	1	6472
25.406240704321977	n/a	NonTarget	1	6504
25.531240658586785	n/a	NonTarget	1	6536
25.65624061285159	n/a	NonTarget	1	6568
25.7812405671164	n/a	NonTarget	1	6600
25.906240521381207	n/a	NonTarget	1	6632
26.031240475646012	n/a	NonTarget	1	6664
26.15624042991082	n/a	NonTarget	1	6696
26.281240384175625	n/a	NonTarget	1	6728
26.406240338440433	n/a	NonTarget	1	6760
26.531240292705238	n/a	NonTarget	1	6792
26.656240246970047	n/a	Target	2	6824
26.78124020123485	n/a	Target	2	6856
26.90624015549966	n/a	NonTarget	1	6888
27.031240109764468	n/a	NonTarget	1	6920
27.156240064029273	n/a	Target	2	6952
27.28124001829408	n/a	NonTarget	1	6984
27.406239972558886	n/a	NonTarget	1	7016
27.531239926823694	n/a	NonTarget	1	7048
27.6562398810885	n/a	NonTarget	1	7080
27.781239835353308	n/a	NonTarget	1	7112
27.906239789618112	n/a	NonTarget	1	7144
28.03123974388292	n/a	NonTarget	1	7176
28.15623969814773	n/a	NonTarget	1	7208
28.281239652412534	n/a	Target	2	7240
28.406239606677342	n/a	NonTarget	1	7272
28.531239560942147	n/a	NonTarget	1	7304
28.656239515206956	n/a	NonTarget	1	7336
28.78123946947176	n/a	NonTarget	1	7368
28.90623942373657	n/a	NonTarget	1	7400
29.031239378001374	n/a	NonTarget	1	7432
29.156239332266182	n/a	NonTarget	1	7464
29.281239286530987	n/a	NonTarget	1	7496
29.406239240795795	n/a	NonTarget	1	7528
29.531239195060603	n/a	Target	2	7560
29.65623914932541	n/a	NonTarget	1	7592
29.781239103590217	n/a	Target	2	7624
29.90623905785502	n/a	NonTarget	1	7656
30.03123901211983	n/a	NonTarget	1	7688
30.156238966384635	n/a	NonTarget	1	7720
30.281238920649443	n/a	NonTarget	1	7752
30.406238874914248	n/a	NonTarget	1	7784
30.531238829179056	n/a	NonTarget	1	7816
30.656238783443865	n/a	NonTarget	1	7848
30.78123873770867	n/a	NonTarget	1	7880
30.906238691973478	n/a	NonTarget	1	7912
31.031238646238283	n/a	NonTarget	1	7944
31.15623860050309	n/a	NonTarget	1	7976
31.281238554767896	n/a	NonTarget	1	8008
31.406238509032704	n/a	NonTarget	1	8040
31.53123846329751	n/a	NonTarget	1	8072
31.656238417562317	n/a	NonTarget	1	8104
31.781238371827126	n/a	Target	2	8136
31.90623832609193	n/a	NonTarget	1	8168
32.03123828035674	n/a	NonTarget	1	8200
32.15623823462155	n/a	NonTarget	1	8232
32.28123818888635	n/a	NonTarget	1	8264
32.40623814315116	n/a	NonTarget	1	8296
32.531238097415965	n/a	NonTarget	1	8328
32.65623805168077	n/a	NonTarget	1	8360
32.781238005945575	n/a	NonTarget	1	8392
32.90623796021038	n/a	NonTarget	1	8424
33.03123791447519	n/a	NonTarget	1	8456
33.15623786874	n/a	NonTarget	1	8488
33.28123782300481	n/a	Target	2	8520
33.40623777726961	n/a	NonTarget	1	8552
33.53123773153442	n/a	NonTarget	1	8584
33.656237685799226	n/a	NonTarget	1	8616
33.781237640064035	n/a	NonTarget	1	8648
33.906237594328836	n/a	NonTarget	1	8680
34.031237548593644	n/a	Target	2	8712
34.15623750285845	n/a	NonTarget	1	8744
34.28123745712326	n/a	NonTarget	1	8776
34.40623741138807	n/a	NonTarget	1	8808
34.53123736565287	n/a	NonTarget	1	8840
34.65623731991768	n/a	NonTarget	1	8872
34.78123727418249	n/a	NonTarget	1	8904
34.906237228447296	n/a	Target	2	8936
35.0312371827121	n/a	NonTarget	1	8968
35.156237136976905	n/a	NonTarget	1	9000
35.281237091241714	n/a	NonTarget	1	9032
35.40623704550652	n/a	NonTarget	1	9064
35.53123699977133	n/a	NonTarget	1	9096
35.65623695403613	n/a	NonTarget	1	9128
35.78123690830094	n/a	NonTarget	1	9160
35.90623686256575	n/a	NonTarget	1	9192
36.03123681683056	n/a	NonTarget	1	9224
36.15623677109536	n/a	NonTarget	1	9256
36.281236725360166	n/a	NonTarget	1	9288
36.406236679624975	n/a	NonTarget	1	9320
36.53123663388978	n/a	NonTarget	1	9352
36.65623658815459	n/a	NonTarget	1	9384
36.78123654241939	n/a	NonTarget	1	9416
36.9062364966842	n/a	NonTarget	1	9448
37.03123645094901	n/a	Target	2	9480
37.15623640521382	n/a	NonTarget	1	9512
37.28123635947862	n/a	NonTarget	1	9544
37.40623631374343	n/a	NonTarget	1	9576
37.531236268008236	n/a	Target	2	9608
37.656236222273044	n/a	NonTarget	1	9640
41.28123489595244	n/a	NonTarget	1	10568
41.406234850217245	n/a	NonTarget	1	10600
41.531234804482054	n/a	NonTarget	1	10632
41.65623475874686	n/a	Target	2	10664
41.78123471301166	n/a	Target	2	10696
41.90623466727647	n/a	NonTarget	1	10728
42.03123462154128	n/a	NonTarget	1	10760
42.15623457580609	n/a	NonTarget	1	10792
42.2812345300709	n/a	NonTarget	1	10824
42.4062344843357	n/a	NonTarget	1	10856
42.53123443860051	n/a	NonTarget	1	10888
42.656234392865315	n/a	NonTarget	1	10920
42.78123434713012	n/a	NonTarget	1	10952
42.906234301394925	n/a	NonTarget	1	10984
43.03123425565973	n/a	NonTarget	1	11016
43.15623420992454	n/a	NonTarget	1	11048
43.28123416418935	n/a	NonTarget	1	11080
43.40623411845416	n/a	NonTarget	1	11112
43.53123407271896	n/a	Target	2	11144
43.65623402698377	n/a	NonTarget	1	11176
43.781233981248576	n/a	NonTarget	1	11208
43.906233935513384	n/a	NonTarget	1	11240
44.031233889778186	n/a	NonTarget	1	11272
44.156233844042994	n/a	NonTarget	1	11304
44.2812337983078	n/a	NonTarget	1	11336
44.40623375257261	n/a	NonTarget	1	11368
44.53123370683742	n/a	Target	2	11400
44.65623366110222	n/a	NonTarget	1	11432
44.78123361536703	n/a	NonTarget	1	11464
44.90623356963184	n/a	NonTarget	1	11496
45.031233523896645	n/a	NonTarget	1	11528
45.15623347816145	n/a	NonTarget	1	11560
45.281233432426255	n/a	NonTarget	1	11592
45.40623338669106	n/a	NonTarget	1	11624
45.53123334095587	n/a	NonTarget	1	11656
45.65623329522068	n/a	NonTarget	1	11688
45.78123324948548	n/a	NonTarget	1	11720
45.90623320375029	n/a	NonTarget	1	11752
46.0312331580151	n/a	NonTarget	1	11784
46.15623311227991	n/a	NonTarget	1	11816
46.28123306654471	n/a	NonTarget	1	11848
46.406233020809516	n/a	NonTarget	1	11880
46.531232975074325	n/a	NonTarget	1	11912
46.65623292933913	n/a	NonTarget	1	11944
46.78123288360394	n/a	Target	2	11976
46.90623283786874	n/a	Target	2	12008
47.03123279213355	n/a	NonTarget	1	12040
47.15623274639836	n/a	NonTarget	1	12072
47.28123270066317	n/a	NonTarget	1	12104
47.40623265492797	n/a	NonTarget	1	12136
47.53123260919278	n/a	NonTarget	1	12168
47.656232563457586	n/a	NonTarget	1	12200
47.781232517722394	n/a	NonTarget	1	12232
47.9062324719872	n/a	NonTarget	1	12264
48.031232426252004	n/a	NonTarget	1	12296
48.15623238051681	n/a	NonTarget	1	12328
48.28123233478162	n/a	NonTarget	1	12360
48.40623228904643	n/a	Target	2	12392
48.53123224331123	n/a	NonTarget	1	12424
48.65623219757604	n/a	NonTarget	1	12456
48.78123215184085	n/a	NonTarget	1	12488
48.906232106105655	n/a	NonTarget	1	12520
49.03123206037046	n/a	NonTarget	1	12552
49.156232014635265	n/a	Target	2	12584
49.28123196890007	n/a	NonTarget	1	12616
49.40623192316488	n/a	NonTarget	1	12648
49.53123187742969	n/a	NonTarget	1	12680
49.65623183169449	n/a	NonTarget	1	12712
49.7812317859593	n/a	Target	2	12744
49.90623174022411	n/a	NonTarget	1	12776
50.031231694488916	n/a	NonTarget	1	12808
50.15623164875372	n/a	NonTarget	1	12840
50.281231603018526	n/a	NonTarget	1	12872
50.406231557283334	n/a	NonTarget	1	12904
50.53123151154814	n/a	NonTarget	1	12936
50.65623146581295	n/a	NonTarget	1	12968
50.78123142007775	n/a	NonTarget	1	13000
50.90623137434256	n/a	NonTarget	1	13032
51.03123132860737	n/a	Target	2	13064
51.15623128287218	n/a	NonTarget	1	13096
51.28123123713698	n/a	NonTarget	1	13128
51.40623119140179	n/a	NonTarget	1	13160
51.531231145666595	n/a	NonTarget	1	13192
51.656231099931404	n/a	NonTarget	1	13224
51.78123105419621	n/a	NonTarget	1	13256
51.90623100846101	n/a	NonTarget	1	13288
52.03123096272582	n/a	NonTarget	1	13320
52.15623091699063	n/a	Target	2	13352
52.28123087125544	n/a	NonTarget	1	13384
52.40623082552024	n/a	Target	2	13416
52.53123077978505	n/a	NonTarget	1	13448
52.656230734049856	n/a	NonTarget	1	13480
52.781230688314665	n/a	NonTarget	1	13512
52.90623064257947	n/a	NonTarget	1	13544
53.031230596844274	n/a	NonTarget	1	13576
53.15623055110908	n/a	NonTarget	1	13608
53.28123050537389	n/a	NonTarget	1	13640
53.4062304596387	n/a	NonTarget	1	13672
53.5312304139035	n/a	NonTarget	1	13704
53.65623036816831	n/a	NonTarget	1	13736
53.78123032243312	n/a	NonTarget	1	13768
53.906230276697926	n/a	NonTarget	1	13800
54.031230230962734	n/a	Target	2	13832
54.156230185227535	n/a	NonTarget	1	13864
54.281230139492344	n/a	NonTarget	1	13896
54.40623009375715	n/a	NonTarget	1	13928
54.53123004802196	n/a	Target	2	13960
54.65623000228676	n/a	NonTarget	1	13992
54.78122995655157	n/a	NonTarget	1	14024
54.90622991081638	n/a	NonTarget	1	14056
55.03122986508119	n/a	NonTarget	1	14088
55.156229819345995	n/a	NonTarget	1	14120
55.2812297736108	n/a	NonTarget	1	14152
55.406229727875605	n/a	NonTarget	1	14184
55.53122968214041	n/a	NonTarget	1	14216
55.65622963640522	n/a	NonTarget	1	14248
55.78122959067002	n/a	NonTarget	1	14280
55.90622954493483	n/a	NonTarget	1	14312
56.03122949919964	n/a	NonTarget	1	14344
59.65622817287904	n/a	NonTarget	1	15272
59.78122812714384	n/a	NonTarget	1	15304
59.90622808140865	n/a	NonTarget	1	15336
60.03122803567346	n/a	NonTarget	1	15368
60.156227989938266	n/a	NonTarget	1	15400
60.28122794420307	n/a	NonTarget	1	15432
60.406227898467876	n/a	Target	2	15464
60.531227852732684	n/a	NonTarget	1	15496
60.65622780699749	n/a	NonTarget	1	15528
60.7812277612623	n/a	Target	2	15560
60.9062277155271	n/a	NonTarget	1	15592
61.03122766979191	n/a	NonTarget	1	15624
61.15622762405672	n/a	NonTarget	1	15656
61.28122757832153	n/a	NonTarget	1	15688
61.40622753258633	n/a	NonTarget	1	15720
61.53122748685114	n/a	NonTarget	1	15752
61.656227441115945	n/a	NonTarget	1	15784
61.78122739538075	n/a	Target	2	15816
61.90622734964556	n/a	NonTarget	1	15848
62.03122730391036	n/a	NonTarget	1	15880
62.15622725817517	n/a	NonTarget	1	15912
62.28122721243998	n/a	NonTarget	1	15944
62.40622716670479	n/a	NonTarget	1	15976
62.53122712096959	n/a	NonTarget	1	16008
62.6562270752344	n/a	NonTarget	1	16040
62.781227029499206	n/a	NonTarget	1	16072
62.906226983764014	n/a	NonTarget	1	16104
63.03122693802882	n/a	NonTarget	1	16136
63.156226892293624	n/a	NonTarget	1	16168
63.28122684655843	n/a	NonTarget	1	16200
63.40622680082324	n/a	NonTarget	1	16232
63.53122675508805	n/a	NonTarget	1	16264
63.65622670935285	n/a	NonTarget	1	16296
63.78122666361766	n/a	Target	2	16328
63.90622661788247	n/a	NonTarget	1	16360
64.03122657214728	n/a	NonTarget	1	16392
64.15622652641208	n/a	NonTarget	1	16424
64.28122648067689	n/a	Target	2	16456
64.4062264349417	n/a	NonTarget	1	16488
64.5312263892065	n/a	NonTarget	1	16520
64.6562263434713	n/a	Target	2	16552
64.78122629773611	n/a	NonTarget	1	16584
64.90622625200092	n/a	NonTarget	1	16616
65.03122620626573	n/a	NonTarget	1	16648
65.15622616053054	n/a	NonTarget	1	16680
65.28122611479534	n/a	NonTarget	1	16712
65.40622606906015	n/a	NonTarget	1	16744
65.53122602332496	n/a	NonTarget	1	16776
65.65622597758976	n/a	NonTarget	1	16808
65.78122593185456	n/a	NonTarget	1	16840
65.90622588611937	n/a	NonTarget	1	16872
66.03122584038418	n/a	Target	2	16904
66.15622579464899	n/a	NonTarget	1	16936
66.2812257489138	n/a	NonTarget	1	16968
66.4062257031786	n/a	NonTarget	1	17000
66.53122565744341	n/a	NonTarget	1	17032
66.65622561170822	n/a	NonTarget	1	17064
66.78122556597302	n/a	NonTarget	1	17096
66.90622552023783	n/a	NonTarget	1	17128
67.03122547450263	n/a	NonTarget	1	17160
67.15622542876744	n/a	NonTarget	1	17192
67.28122538303225	n/a	NonTarget	1	17224
67.40622533729706	n/a	NonTarget	1	17256
67.53122529156187	n/a	NonTarget	1	17288
67.65622524582668	n/a	NonTarget	1	17320
67.78122520009148	n/a	Target	2	17352
67.90622515435628	n/a	NonTarget	1	17384
68.03122510862109	n/a	NonTarget	1	17416
68.1562250628859	n/a	NonTarget	1	17448
68.2812250171507	n/a	Target	2	17480
68.40622497141551	n/a	NonTarget	1	17512
68.53122492568032	n/a	NonTarget	1	17544
68.65622487994513	n/a	NonTarget	1	17576
68.78122483420994	n/a	NonTarget	1	17608
68.90622478847474	n/a	NonTarget	1	17640
69.03122474273954	n/a	NonTarget	1	17672
69.15622469700435	n/a	NonTarget	1	17704
69.28122465126916	n/a	NonTarget	1	17736
69.40622460553396	n/a	NonTarget	1	17768
69.53122455979877	n/a	NonTarget	1	17800
69.65622451406358	n/a	NonTarget	1	17832
69.78122446832839	n/a	NonTarget	1	17864
69.9062244225932	n/a	NonTarget	1	17896
70.031224376858	n/a	Target	2	17928
70.1562243311228	n/a	NonTarget	1	17960
70.28122428538761	n/a	Target	2	17992
70.40622423965242	n/a	NonTarget	1	18024
70.53122419391723	n/a	NonTarget	1	18056
70.65622414818203	n/a	Target	2	18088
70.78122410244684	n/a	NonTarget	1	18120
70.90622405671165	n/a	NonTarget	1	18152
71.03122401097646	n/a	NonTarget	1	18184
71.15622396524127	n/a	NonTarget	1	18216
71.28122391950606	n/a	NonTarget	1	18248
71.40622387377087	n/a	NonTarget	1	18280
71.53122382803568	n/a	NonTarget	1	18312
71.65622378230049	n/a	NonTarget	1	18344
71.7812237365653	n/a	NonTarget	1	18376
71.9062236908301	n/a	NonTarget	1	18408
72.03122364509491	n/a	NonTarget	1	18440
72.15622359935972	n/a	NonTarget	1	18472
72.28122355362453	n/a	NonTarget	1	18504
72.40622350788932	n/a	NonTarget	1	18536
72.53122346215413	n/a	Target	2	18568
72.65622341641894	n/a	NonTarget	1	18600
72.78122337068375	n/a	NonTarget	1	18632
72.90622332494856	n/a	NonTarget	1	18664
73.03122327921336	n/a	NonTarget	1	18696
73.15622323347817	n/a	NonTarget	1	18728
73.28122318774298	n/a	NonTarget	1	18760
73.40622314200779	n/a	NonTarget	1	18792
73.53122309627258	n/a	NonTarget	1	18824
73.65622305053739	n/a	NonTarget	1	18856
73.7812230048022	n/a	Target	2	18888
73.90622295906701	n/a	NonTarget	1	18920
74.03122291333182	n/a	NonTarget	1	18952
74.15622286759663	n/a	NonTarget	1	18984
74.28122282186143	n/a	NonTarget	1	19016
74.40622277612624	n/a	NonTarget	1	19048
78.03122144980563	n/a	NonTarget	1	19976
78.15622140407044	n/a	NonTarget	1	20008
78.28122135833524	n/a	NonTarget	1	20040
78.40622131260005	n/a	NonTarget	1	20072
78.53122126686486	n/a	NonTarget	1	20104
78.65622122112967	n/a	NonTarget	1	20136
78.78122117539448	n/a	NonTarget	1	20168
78.90622112965929	n/a	NonTarget	1	20200
79.03122108392408	n/a	Target	2	20232
79.15622103818889	n/a	NonTarget	1	20264
79.2812209924537	n/a	NonTarget	1	20296
79.4062209467185	n/a	NonTarget	1	20328
79.53122090098331	n/a	NonTarget	1	20360
79.65622085524812	n/a	NonTarget	1	20392
79.78122080951293	n/a	NonTarget	1	20424
79.90622076377774	n/a	NonTarget	1	20456
80.03122071804255	n/a	Target	2	20488
80.15622067230734	n/a	NonTarget	1	20520
80.28122062657215	n/a	NonTarget	1	20552
80.40622058083696	n/a	NonTarget	1	20584
80.53122053510177	n/a	NonTarget	1	20616
80.65622048936658	n/a	NonTarget	1	20648
80.78122044363138	n/a	NonTarget	1	20680
80.90622039789619	n/a	NonTarget	1	20712
81.031220352161	n/a	NonTarget	1	20744
81.15622030642581	n/a	NonTarget	1	20776
81.2812202606906	n/a	Target	2	20808
81.40622021495541	n/a	NonTarget	1	20840
81.53122016922022	n/a	Target	2	20872
81.65622012348503	n/a	NonTarget	1	20904
81.78122007774984	n/a	NonTarget	1	20936
81.90622003201464	n/a	NonTarget	1	20968
82.03121998627945	n/a	NonTarget	1	21000
82.15621994054426	n/a	NonTarget	1	21032
82.28121989480907	n/a	NonTarget	1	21064
82.40621984907386	n/a	NonTarget	1	21096
82.53121980333867	n/a	NonTarget	1	21128
82.65621975760348	n/a	NonTarget	1	21160
82.78121971186829	n/a	NonTarget	1	21192
82.9062196661331	n/a	NonTarget	1	21224
83.0312196203979	n/a	NonTarget	1	21256
83.15621957466271	n/a	NonTarget	1	21288
83.28121952892752	n/a	Target	2	21320
83.40621948319233	n/a	NonTarget	1	21352
83.53121943745712	n/a	NonTarget	1	21384
83.65621939172193	n/a	Target	2	21416
83.78121934598674	n/a	NonTarget	1	21448
83.90621930025155	n/a	NonTarget	1	21480
84.03121925451636	n/a	NonTarget	1	21512
84.15621920878117	n/a	NonTarget	1	21544
84.28121916304598	n/a	NonTarget	1	21576
84.40621911731078	n/a	NonTarget	1	21608
84.53121907157559	n/a	NonTarget	1	21640
84.65621902584039	n/a	Target	2	21672
84.7812189801052	n/a	NonTarget	1	21704
84.90621893437	n/a	NonTarget	1	21736
85.03121888863481	n/a	NonTarget	1	21768
85.15621884289962	n/a	Target	2	21800
85.28121879716443	n/a	NonTarget	1	21832
85.40621875142924	n/a	NonTarget	1	21864
85.53121870569404	n/a	NonTarget	1	21896
85.65621865995885	n/a	NonTarget	1	21928
85.78121861422365	n/a	NonTarget	1	21960
85.90621856848846	n/a	NonTarget	1	21992
86.03121852275326	n/a	NonTarget	1	22024
86.15621847701807	n/a	NonTarget	1	22056
86.28121843128288	n/a	NonTarget	1	22088
86.40621838554769	n/a	NonTarget	1	22120
86.5312183398125	n/a	NonTarget	1	22152
86.6562182940773	n/a	NonTarget	1	22184
86.78121824834211	n/a	Target	2	22216
86.90621820260691	n/a	NonTarget	1	22248
87.03121815687172	n/a	NonTarget	1	22280
87.15621811113652	n/a	NonTarget	1	22312
87.28121806540133	n/a	NonTarget	1	22344
87.40621801966614	n/a	NonTarget	1	22376
87.53121797393095	n/a	NonTarget	1	22408
87.65621792819576	n/a	NonTarget	1	22440
87.78121788246057	n/a	NonTarget	1	22472
87.90621783672538	n/a	NonTarget	1	22504
88.03121779099017	n/a	NonTarget	1	22536
88.15621774525498	n/a	NonTarget	1	22568
88.28121769951979	n/a	Target	2	22600
88.4062176537846	n/a	NonTarget	1	22632
88.5312176080494	n/a	NonTarget	1	22664
88.65621756231421	n/a	NonTarget	1	22696
88.78121751657902	n/a	NonTarget	1	22728
88.90621747084383	n/a	NonTarget	1	22760
89.03121742510864	n/a	NonTarget	1	22792
89.15621737937343	n/a	NonTarget	1	22824
89.28121733363824	n/a	NonTarget	1	22856
89.40621728790305	n/a	NonTarget	1	22888
89.53121724216786	n/a	NonTarget	1	22920
89.65621719643266	n/a	NonTarget	1	22952
89.78121715069747	n/a	Target	2	22984
89.90621710496228	n/a	NonTarget	1	23016
90.03121705922709	n/a	NonTarget	1	23048
90.1562170134919	n/a	NonTarget	1	23080
90.28121696775669	n/a	NonTarget	1	23112
90.4062169220215	n/a	NonTarget	1	23144
90.53121687628631	n/a	NonTarget	1	23176
90.65621683055112	n/a	Target	2	23208
90.78121678481592	n/a	NonTarget	1	23240
90.90621673908073	n/a	NonTarget	1	23272
91.03121669334554	n/a	NonTarget	1	23304
91.15621664761035	n/a	NonTarget	1	23336
91.28121660187516	n/a	Target	2	23368
91.40621655613995	n/a	Target	2	23400
91.53121651040476	n/a	NonTarget	1	23432
91.65621646466957	n/a	NonTarget	1	23464
91.78121641893438	n/a	NonTarget	1	23496
91.90621637319919	n/a	NonTarget	1	23528
92.031216327464	n/a	NonTarget	1	23560
92.1562162817288	n/a	NonTarget	1	23592
92.28121623599361	n/a	NonTarget	1	23624
92.40621619025842	n/a	NonTarget	1	23656
92.53121614452321	n/a	NonTarget	1	23688
92.65621609878802	n/a	NonTarget	1	23720
92.78121605305283	n/a	NonTarget	1	23752
96.40621472673223	n/a	NonTarget	1	24680
96.53121468099704	n/a	NonTarget	1	24712
96.65621463526185	n/a	NonTarget	1	24744
96.78121458952666	n/a	Target	2	24776
96.90621454379146	n/a	NonTarget	1	24808
97.03121449805626	n/a	NonTarget	1	24840
97.15621445232107	n/a	NonTarget	1	24872
97.28121440658587	n/a	Target	2	24904
97.40621436085068	n/a	NonTarget	1	24936
97.53121431511549	n/a	NonTarget	1	24968
97.6562142693803	n/a	NonTarget	1	25000
97.78121422364511	n/a	NonTarget	1	25032
97.90621417790992	n/a	NonTarget	1	25064
98.03121413217472	n/a	NonTarget	1	25096
98.15621408643952	n/a	NonTarget	1	25128
98.28121404070433	n/a	NonTarget	1	25160
98.40621399496914	n/a	NonTarget	1	25192
98.53121394923394	n/a	NonTarget	1	25224
98.65621390349875	n/a	NonTarget	1	25256
98.78121385776356	n/a	NonTarget	1	25288
98.90621381202837	n/a	NonTarget	1	25320
99.03121376629318	n/a	NonTarget	1	25352
99.15621372055799	n/a	NonTarget	1	25384
99.28121367482278	n/a	NonTarget	1	25416
99.40621362908759	n/a	NonTarget	1	25448
99.5312135833524	n/a	NonTarget	1	25480
99.6562135376172	n/a	NonTarget	1	25512
99.78121349188201	n/a	NonTarget	1	25544
99.90621344614682	n/a	NonTarget	1	25576
100.03121340041163	n/a	Target	2	25608
100.15621335467644	n/a	Target	2	25640
100.28121330894125	n/a	NonTarget	1	25672
100.40621326320604	n/a	NonTarget	1	25704
100.53121321747085	n/a	NonTarget	1	25736
100.65621317173566	n/a	NonTarget	1	25768
100.78121312600047	n/a	NonTarget	1	25800
100.90621308026527	n/a	NonTarget	1	25832
101.03121303453008	n/a	NonTarget	1	25864
101.15621298879489	n/a	Target	2	25896
101.2812129430597	n/a	NonTarget	1	25928
101.40621289732451	n/a	NonTarget	1	25960
101.5312128515893	n/a	NonTarget	1	25992
101.65621280585411	n/a	NonTarget	1	26024
101.78121276011892	n/a	NonTarget	1	26056
101.90621271438373	n/a	NonTarget	1	26088
102.03121266864854	n/a	NonTarget	1	26120
102.15621262291334	n/a	NonTarget	1	26152
102.28121257717815	n/a	NonTarget	1	26184
102.40621253144296	n/a	Target	2	26216
102.53121248570777	n/a	NonTarget	1	26248
102.65621243997256	n/a	NonTarget	1	26280
102.78121239423737	n/a	NonTarget	1	26312
102.90621234850218	n/a	NonTarget	1	26344
103.03121230276699	n/a	NonTarget	1	26376
103.1562122570318	n/a	NonTarget	1	26408
103.2812122112966	n/a	NonTarget	1	26440
103.40621216556141	n/a	NonTarget	1	26472
103.53121211982622	n/a	NonTarget	1	26504
103.65621207409103	n/a	NonTarget	1	26536
103.78121202835582	n/a	NonTarget	1	26568
103.90621198262063	n/a	Target	2	26600
104.03121193688544	n/a	Target	2	26632
104.15621189115025	n/a	NonTarget	1	26664
104.28121184541506	n/a	NonTarget	1	26696
104.40621179967987	n/a	NonTarget	1	26728
104.53121175394467	n/a	NonTarget	1	26760
104.65621170820948	n/a	NonTarget	1	26792
104.78121166247429	n/a	NonTarget	1	26824
104.90621161673909	n/a	NonTarget	1	26856
105.0312115710039	n/a	NonTarget	1	26888
105.1562115252687	n/a	Target	2	26920
105.28121147953351	n/a	NonTarget	1	26952
105.40621143379832	n/a	NonTarget	1	26984
105.53121138806313	n/a	NonTarget	1	27016
105.65621134232794	n/a	NonTarget	1	27048
105.78121129659274	n/a	NonTarget	1	27080
105.90621125085755	n/a	NonTarget	1	27112
106.03121120512235	n/a	NonTarget	1	27144
106.15621115938715	n/a	NonTarget	1	27176
106.28121111365196	n/a	NonTarget	1	27208
106.40621106791677	n/a	NonTarget	1	27240
106.53121102218158	n/a	NonTarget	1	27272
106.65621097644639	n/a	NonTarget	1	27304
106.7812109307112	n/a	Target	2	27336
106.906210884976	n/a	NonTarget	1	27368
107.0312108392408	n/a	NonTarget	1	27400
107.15621079350561	n/a	NonTarget	1	27432
107.28121074777042	n/a	Target	2	27464
107.40621070203522	n/a	NonTarget	1	27496
107.53121065630003	n/a	NonTarget	1	27528
107.65621061056484	n/a	NonTarget	1	27560
107.78121056482965	n/a	NonTarget	1	27592
107.90621051909446	n/a	NonTarget	1	27624
108.03121047335927	n/a	NonTarget	1	27656
108.15621042762406	n/a	NonTarget	1	27688
108.28121038188887	n/a	NonTarget	1	27720
108.40621033615368	n/a	NonTarget	1	27752
108.53121029041849	n/a	NonTarget	1	27784
108.6562102446833	n/a	NonTarget	1	27816
108.7812101989481	n/a	Target	2	27848
108.90621015321291	n/a	NonTarget	1	27880
109.03121010747772	n/a	NonTarget	1	27912
109.15621006174253	n/a	NonTarget	1	27944
109.28121001600732	n/a	NonTarget	1	27976
109.40620997027213	n/a	NonTarget	1	28008
109.53120992453694	n/a	NonTarget	1	28040
109.65620987880175	n/a	NonTarget	1	28072
109.78120983306655	n/a	NonTarget	1	28104
109.90620978733136	n/a	NonTarget	1	28136
110.03120974159617	n/a	NonTarget	1	28168
110.15620969586098	n/a	NonTarget	1	28200
110.28120965012579	n/a	NonTarget	1	28232
110.40620960439058	n/a	Target	2	28264
110.53120955865539	n/a	NonTarget	1	28296
110.6562095129202	n/a	Target	2	28328
110.78120946718501	n/a	NonTarget	1	28360
110.90620942144982	n/a	NonTarget	1	28392
111.03120937571462	n/a	NonTarget	1	28424
111.15620932997943	n/a	NonTarget	1	28456
114.78120800365883	n/a	NonTarget	1	29384
114.90620795792363	n/a	NonTarget	1	29416
115.03120791218844	n/a	NonTarget	1	29448
115.15620786645324	n/a	NonTarget	1	29480
115.28120782071805	n/a	Target	2	29512
115.40620777498286	n/a	NonTarget	1	29544
115.53120772924767	n/a	NonTarget	1	29576
115.65620768351248	n/a	NonTarget	1	29608
115.78120763777729	n/a	Target	2	29640
115.9062075920421	n/a	NonTarget	1	29672
116.03120754630689	n/a	NonTarget	1	29704
116.1562075005717	n/a	NonTarget	1	29736
116.2812074548365	n/a	NonTarget	1	29768
116.40620740910131	n/a	NonTarget	1	29800
116.53120736336612	n/a	NonTarget	1	29832
116.65620731763093	n/a	NonTarget	1	29864
116.78120727189574	n/a	NonTarget	1	29896
116.90620722616055	n/a	NonTarget	1	29928
117.03120718042535	n/a	NonTarget	1	29960
117.15620713469015	n/a	NonTarget	1	29992
117.28120708895496	n/a	NonTarget	1	30024
117.40620704321977	n/a	NonTarget	1	30056
117.53120699748457	n/a	NonTarget	1	30088
117.65620695174938	n/a	NonTarget	1	30120
117.78120690601419	n/a	Target	2	30152
117.906206860279	n/a	Target	2	30184
118.03120681454381	n/a	NonTarget	1	30216
118.15620676880862	n/a	NonTarget	1	30248
118.28120672307341	n/a	NonTarget	1	30280
118.40620667733822	n/a	NonTarget	1	30312
118.53120663160303	n/a	NonTarget	1	30344
118.65620658586784	n/a	NonTarget	1	30376
118.78120654013264	n/a	NonTarget	1	30408
118.90620649439745	n/a	NonTarget	1	30440
119.03120644866226	n/a	NonTarget	1	30472
119.15620640292707	n/a	NonTarget	1	30504
119.28120635719188	n/a	Target	2	30536
119.40620631145667	n/a	NonTarget	1	30568
119.53120626572148	n/a	NonTarget	1	30600
119.65620621998629	n/a	NonTarget	1	30632
119.7812061742511	n/a	Target	2	30664
119.9062061285159	n/a	NonTarget	1	30696
120.03120608278071	n/a	NonTarget	1	30728
120.15620603704552	n/a	NonTarget	1	30760
120.28120599131033	n/a	NonTarget	1	30792
120.40620594557514	n/a	NonTarget	1	30824
120.53120589983993	n/a	NonTarget	1	30856
120.65620585410474	n/a	NonTarget	1	30888
120.78120580836955	n/a	NonTarget	1	30920
120.90620576263436	n/a	NonTarget	1	30952
121.03120571689917	n/a	NonTarget	1	30984
121.15620567116397	n/a	NonTarget	1	31016
121.28120562542878	n/a	NonTarget	1	31048
121.40620557969359	n/a	NonTarget	1	31080
121.5312055339584	n/a	NonTarget	1	31112
121.6562054882232	n/a	NonTarget	1	31144
121.781205442488	n/a	NonTarget	1	31176
121.90620539675281	n/a	NonTarget	1	31208
122.03120535101762	n/a	NonTarget	1	31240
122.15620530528243	n/a	Target	2	31272
122.28120525954724	n/a	NonTarget	1	31304
122.40620521381204	n/a	Target	2	31336
122.53120516807685	n/a	NonTarget	1	31368
122.65620512234166	n/a	NonTarget	1	31400
122.78120507660645	n/a	NonTarget	1	31432
122.90620503087126	n/a	NonTarget	1	31464
123.03120498513607	n/a	NonTarget	1	31496
123.15620493940088	n/a	NonTarget	1	31528
123.28120489366569	n/a	NonTarget	1	31560
123.4062048479305	n/a	NonTarget	1	31592
123.5312048021953	n/a	Target	2	31624
123.65620475646011	n/a	NonTarget	1	31656
123.78120471072492	n/a	NonTarget	1	31688
123.90620466498972	n/a	Target	2	31720
124.03120461925452	n/a	NonTarget	1	31752
124.15620457351933	n/a	NonTarget	1	31784
124.28120452778414	n/a	NonTarget	1	31816
124.40620448204895	n/a	NonTarget	1	31848
124.53120443631376	n/a	NonTarget	1	31880
124.65620439057857	n/a	NonTarget	1	31912
124.78120434484337	n/a	NonTarget	1	31944
124.90620429910818	n/a	NonTarget	1	31976
125.03120425337298	n/a	NonTarget	1	32008
125.15620420763778	n/a	NonTarget	1	32040
125.2812041619026	n/a	NonTarget	1	32072
125.4062041161674	n/a	NonTarget	1	32104
125.53120407043221	n/a	Target	2	32136
125.65620402469702	n/a	NonTarget	1	32168
125.78120397896183	n/a	NonTarget	1	32200
125.90620393322664	n/a	NonTarget	1	32232
126.03120388749144	n/a	NonTarget	1	32264
126.15620384175624	n/a	NonTarget	1	32296
126.28120379602105	n/a	NonTarget	1	32328
126.40620375028585	n/a	NonTarget	1	32360
126.53120370455066	n/a	NonTarget	1	32392
126.65620365881547	n/a	Target	2	32424
126.78120361308028	n/a	NonTarget	1	32456
126.90620356734509	n/a	NonTarget	1	32488
127.0312035216099	n/a	NonTarget	1	32520
127.1562034758747	n/a	NonTarget	1	32552
127.2812034301395	n/a	NonTarget	1	32584
127.40620338440431	n/a	NonTarget	1	32616
127.53120333866912	n/a	NonTarget	1	32648
127.65620329293392	n/a	NonTarget	1	32680
127.78120324719873	n/a	NonTarget	1	32712
127.90620320146354	n/a	NonTarget	1	32744
128.03120315572835	n/a	NonTarget	1	32776
128.15620310999316	n/a	NonTarget	1	32808
128.28120306425797	n/a	NonTarget	1	32840
128.40620301852277	n/a	Target	2	32872
128.53120297278758	n/a	NonTarget	1	32904
128.6562029270524	n/a	NonTarget	1	32936
128.7812028813172	n/a	NonTarget	1	32968
128.90620283558198	n/a	NonTarget	1	33000
129.0312027898468	n/a	Target	2	33032
129.1562027441116	n/a	NonTarget	1	33064
129.2812026983764	n/a	NonTarget	1	33096
129.4062026526412	n/a	NonTarget	1	33128
129.53120260690602	n/a	NonTarget	1	33160
